{"stats":{"minecraft:killed":{"minecraft:witch":2,"minecraft:spider":16,"minecraft:skeleton":99,"minecraft:bee":1,"minecraft:chicken":4,"minecraft:wolf":1,"minecraft:magma_cube":1,"minecraft:pig":6,"minecraft:iron_golem":1,"minecraft:creeper":14,"minecraft:sheep":5,"minecraft:zombie":62,"minecraft:stray":50,"minecraft:ghast":1,"minecraft:glow_squid":1,"minecraft:cow":14,"minecraft:blaze":19,"minecraft:slime":10,"minecraft:warden":1,"minecraft:husk":42,"minecraft:bat":1,"minecraft:hoglin":2,"minecraft:breeze":21,"minecraft:wither_skeleton":1,"minecraft:enderman":3},"minecraft:broken":{"minecraft:stone_pickaxe":2,"minecraft:stone_axe":1,"minecraft:iron_axe":3,"minecraft:iron_pickaxe":1},"minecraft:dropped":{"minecraft:iron_sword":1,"minecraft:birch_planks":7,"minecraft:brown_mushroom":18,"minecraft:porkchop":11,"minecraft:cooked_beef":2,"minecraft:oak_log":29,"minecraft:glass_bottle":2,"minecraft:diamond":5,"minecraft:crafting_table":1,"minecraft:crossbow":3,"minecraft:leather":1,"minecraft:rail":2,"minecraft:flint":2,"minecraft:dirt":30,"minecraft:crimson_roots":8,"minecraft:wooden_sword":2,"minecraft:gold_nugget":51,"minecraft:bone_meal":63,"minecraft:iron_pickaxe":1,"minecraft:birch_log":11,"minecraft:gold_ingot":17,"minecraft:bone":8,"minecraft:waxed_cut_copper_slab":1,"minecraft:gravel":41,"minecraft:compass":1,"minecraft:sugar_cane":1,"minecraft:cobbled_deepslate":2,"minecraft:rotten_flesh":27,"minecraft:oak_planks":109,"minecraft:poppy":1,"minecraft:tipped_arrow":1,"minecraft:charcoal":2,"minecraft:chest":1,"minecraft:arrow":9,"minecraft:powered_rail":3,"minecraft:crying_obsidian":12,"minecraft:quartz":6,"minecraft:netherrack":307,"minecraft:iron_ingot":7,"minecraft:wheat_seeds":33,"minecraft:diamond_leggings":1,"minecraft:oak_fence":3,"minecraft:iron_helmet":2,"minecraft:waxed_copper_grate":10,"minecraft:granite":6,"minecraft:coal":46,"minecraft:stick":15,"minecraft:iron_block":9,"minecraft:golden_carrot":15,"minecraft:torch":7,"minecraft:waxed_weathered_copper_bulb":1,"minecraft:wooden_axe":1,"minecraft:melon_slice":64,"minecraft:potion":1,"minecraft:iron_leggings":2,"minecraft:dried_kelp":143,"minecraft:iron_axe":3,"minecraft:bucket":1,"minecraft:furnace":1,"minecraft:tuff_bricks":13,"minecraft:raw_copper":4,"minecraft:tuff":24,"minecraft:raw_iron":47,"minecraft:iron_boots":3,"minecraft:diamond_sword":3,"minecraft:stone":28,"minecraft:diamond_pickaxe":3,"minecraft:iron_chestplate":1,"minecraft:andesite":52,"minecraft:oak_boat":1,"minecraft:oak_sapling":2,"minecraft:redstone_torch":1,"minecraft:bamboo":77,"minecraft:waxed_chiseled_copper":1,"minecraft:slime_ball":9,"minecraft:bow":5,"minecraft:stone_pickaxe":2,"minecraft:wooden_pickaxe":2,"minecraft:waxed_oxidized_copper_grate":7,"minecraft:brick":58},"minecraft:used":{"minecraft:tuff_bricks":9,"minecraft:dispenser":5,"minecraft:diamond_hoe":325,"minecraft:decorated_pot":3,"minecraft:chest":15,"minecraft:shield":137,"minecraft:stone":52,"minecraft:rotten_flesh":8,"minecraft:sculk_sensor":6,"minecraft:iron_chestplate":2,"minecraft:soul_sand":3,"minecraft:carrot":44,"minecraft:tuff":14,"minecraft:obsidian":4,"minecraft:honey_bottle":6,"minecraft:lava_bucket":19,"minecraft:iron_helmet":1,"minecraft:repeater":2,"minecraft:magma_block":1,"minecraft:bow":304,"minecraft:ominous_bottle":1,"minecraft:furnace":11,"minecraft:cooked_cod":13,"minecraft:golden_boots":2,"minecraft:diorite":4,"minecraft:oak_planks":159,"minecraft:stone_pickaxe":360,"minecraft:blackstone":42,"minecraft:wooden_pickaxe":172,"minecraft:sugar_cane":12,"minecraft:glow_berries":2,"minecraft:crossbow":4,"minecraft:note_block":1,"minecraft:redstone_torch":4,"minecraft:melon_slice":15,"minecraft:bread":13,"minecraft:lectern":7,"minecraft:gravel":56,"minecraft:pufferfish":6,"minecraft:chiseled_tuff_bricks":2,"minecraft:diamond_sword":727,"minecraft:grindstone":4,"minecraft:smithing_table":1,"minecraft:andesite":6,"minecraft:bone_meal":3,"minecraft:compass":1,"minecraft:oak_trapdoor":4,"minecraft:stone_sword":52,"minecraft:flint_and_steel":1,"minecraft:redstone":60,"minecraft:dried_kelp":164,"minecraft:sculk":26,"minecraft:trial_key":9,"minecraft:cooked_chicken":10,"minecraft:netherrack":338,"minecraft:oak_door":2,"minecraft:torch":4,"minecraft:brewing_stand":1,"minecraft:dirt":106,"minecraft:hopper":1,"minecraft:iron_hoe":221,"minecraft:bookshelf":25,"minecraft:iron_axe":614,"minecraft:iron_boots":2,"minecraft:light_gray_wool":1,"minecraft:golden_carrot":4,"minecraft:minecart":3,"minecraft:cooked_beef":22,"minecraft:cobbled_deepslate":14,"minecraft:pointed_dripstone":6,"minecraft:observer":14,"minecraft:iron_leggings":2,"minecraft:cooked_mutton":3,"minecraft:water_bucket":48,"minecraft:birch_planks":5,"minecraft:glass_bottle":3,"minecraft:baked_potato":8,"minecraft:cauldron":2,"minecraft:stonecutter":1,"minecraft:waxed_copper_block":1,"minecraft:rail":10,"minecraft:crafting_table":24,"minecraft:white_bed":3,"minecraft:spruce_log":1,"minecraft:cake":1,"minecraft:smoker":6,"minecraft:oak_log":2,"minecraft:piston":7,"minecraft:diamond_pickaxe":1550,"minecraft:ominous_trial_key":4,"minecraft:cracked_polished_blackstone_bricks":4,"minecraft:iron_pickaxe":241,"minecraft:stone_axe":177,"minecraft:cobblestone":192,"minecraft:potion":1,"minecraft:porkchop":5,"minecraft:cooked_porkchop":10,"minecraft:bucket":67,"minecraft:diamond_leggings":1},"minecraft:picked_up":{"minecraft:wooden_axe":1,"minecraft:iron_chestplate":8,"minecraft:wheat":3,"minecraft:redstone_block":1,"minecraft:anvil":1,"minecraft:smithing_table":1,"minecraft:diamond_sword":3,"minecraft:potion":10,"minecraft:enchanted_book":1,"minecraft:nether_brick":132,"minecraft:string":81,"minecraft:waxed_cut_copper_slab":1,"minecraft:raw_copper":9,"minecraft:iron_leggings":8,"minecraft:pufferfish":6,"minecraft:diamond_leggings":1,"minecraft:gold_nugget":751,"minecraft:cobbled_deepslate":188,"minecraft:bucket":1,"minecraft:trial_key":9,"minecraft:redstone_torch":5,"minecraft:iron_pickaxe":2,"minecraft:enchanted_golden_apple":1,"minecraft:melon_slice":79,"minecraft:furnace":14,"minecraft:iron_boots":12,"minecraft:tipped_arrow":9,"minecraft:stick":20,"minecraft:oak_fence":4,"minecraft:torch":15,"minecraft:porkchop":26,"minecraft:dried_kelp":127,"minecraft:waxed_copper_grate":10,"minecraft:waxed_weathered_copper_bulb":1,"minecraft:pointed_dripstone":6,"minecraft:diorite":12,"minecraft:cauldron":1,"minecraft:honey_bottle":5,"minecraft:rotten_flesh":128,"minecraft:iron_block":9,"minecraft:blaze_rod":8,"minecraft:obsidian":36,"minecraft:cobblestone":657,"minecraft:birch_log":12,"minecraft:magma_block":2,"minecraft:cooked_beef":3,"minecraft:feather":4,"minecraft:lilac":1,"minecraft:water_bucket":3,"minecraft:andesite":34,"minecraft:smoker":8,"minecraft:potato":1,"minecraft:flint":10,"minecraft:tuff":38,"minecraft:lapis_lazuli":55,"minecraft:dirt":256,"minecraft:bone":245,"minecraft:bow":12,"minecraft:stonecutter":1,"minecraft:wheat_seeds":45,"minecraft:raw_gold":135,"minecraft:grindstone":3,"minecraft:bolt_armor_trim_smithing_template":1,"minecraft:glowstone_dust":148,"minecraft:bamboo":141,"minecraft:powered_rail":1,"minecraft:oak_planks":89,"minecraft:waxed_chiseled_copper":3,"minecraft:spectral_arrow":85,"minecraft:dispenser":3,"minecraft:diamond":58,"minecraft:spruce_boat":1,"minecraft:waxed_oxidized_copper_grate":7,"minecraft:granite":7,"minecraft:crossbow":3,"minecraft:breeze_rod":44,"minecraft:bone_meal":1032,"minecraft:golden_apple":2,"minecraft:emerald":76,"minecraft:bread":9,"minecraft:music_disc_precipice":2,"minecraft:oak_sapling":4,"minecraft:netherrack":776,"minecraft:ominous_trial_key":4,"minecraft:crimson_roots":8,"minecraft:diamond_pickaxe":3,"minecraft:fishing_rod":1,"minecraft:charcoal":2,"minecraft:crafting_table":29,"minecraft:ominous_bottle":1,"minecraft:chicken":4,"minecraft:brown_mushroom":18,"minecraft:wooden_pickaxe":2,"minecraft:brick":65,"minecraft:shield":3,"minecraft:wind_charge":50,"minecraft:oak_trapdoor":4,"minecraft:iron_axe":8,"minecraft:wooden_sword":2,"minecraft:flint_and_steel":3,"minecraft:blackstone":166,"minecraft:beef":28,"minecraft:oak_boat":1,"minecraft:observer":7,"minecraft:poppy":1,"minecraft:light_gray_wool":1,"minecraft:minecart":3,"minecraft:lectern":7,"minecraft:sugar_cane":13,"minecraft:chest":4,"minecraft:birch_sapling":4,"minecraft:waxed_oxidized_copper":1,"minecraft:egg":3,"minecraft:raw_iron":213,"minecraft:note_block":1,"minecraft:fire_charge":16,"minecraft:flow_pottery_sherd":1,"minecraft:carrot":125,"minecraft:redstone":103,"minecraft:music_disc_creator_music_box":2,"minecraft:arrow":223,"minecraft:cooked_cod":28,"minecraft:decorated_pot":6,"minecraft:deepslate_bricks":1,"minecraft:hay_block":1,"minecraft:flow_armor_trim_smithing_template":1,"minecraft:gold_ingot":21,"minecraft:tuff_bricks":37,"minecraft:glow_berries":2,"minecraft:mutton":9,"minecraft:bone_block":164,"minecraft:rail":21,"minecraft:white_wool":4,"minecraft:basalt":204,"minecraft:golden_carrot":2,"minecraft:glow_ink_sac":12,"minecraft:leather":66,"minecraft:birch_planks":60,"minecraft:oak_log":155,"minecraft:waxed_copper_block":7,"minecraft:golden_boots":3,"minecraft:gunpowder":43,"minecraft:kelp":545,"minecraft:iron_ingot":50,"minecraft:stone_pickaxe":4,"minecraft:cooked_chicken":6,"minecraft:glass_bottle":2,"minecraft:iron_sword":1,"minecraft:soul_sand":107,"minecraft:book":4,"minecraft:oak_slab":4,"minecraft:emerald_block":1,"minecraft:quartz":280,"minecraft:gravel":228,"minecraft:white_bed":2,"minecraft:spruce_log":1,"minecraft:crying_obsidian":12,"minecraft:spider_eye":6,"minecraft:polished_tuff":1,"minecraft:slime_ball":9,"minecraft:stone_axe":1,"minecraft:iron_helmet":8,"minecraft:black_wool":1,"minecraft:baked_potato":7,"minecraft:chiseled_tuff_bricks":3,"minecraft:coal":311,"minecraft:ender_pearl":1},"minecraft:mined":{"minecraft:waxed_cut_copper_slab":1,"minecraft:white_bed":2,"minecraft:sculk_vein":94,"minecraft:obsidian":4,"minecraft:granite":6,"minecraft:grass_block":41,"minecraft:deepslate_bricks":1,"minecraft:chiseled_tuff_bricks":11,"minecraft:tuff_bricks":58,"minecraft:spawner":2,"minecraft:tall_seagrass":7,"minecraft:magma_block":2,"minecraft:sculk_catalyst":5,"minecraft:glowstone":13,"minecraft:iron_ore":104,"minecraft:cobbled_deepslate":14,"minecraft:fire":45,"minecraft:polished_tuff":5,"minecraft:anvil":1,"minecraft:deepslate_lapis_ore":6,"minecraft:sculk_shrieker":3,"minecraft:pointed_dripstone":4,"minecraft:polished_tuff_slab":2,"minecraft:deepslate_redstone_ore":14,"minecraft:brown_mushroom":8,"minecraft:blackstone":1,"minecraft:kelp_plant":58,"minecraft:smoker":4,"minecraft:crimson_nylium":10,"minecraft:soul_fire":15,"minecraft:orange_terracotta":1,"minecraft:powder_snow":10,"minecraft:torch":3,"minecraft:poppy":1,"minecraft:melon":16,"minecraft:chest":4,"minecraft:dead_bush":9,"minecraft:cobblestone":36,"minecraft:nether_quartz_ore":38,"minecraft:oak_planks":11,"minecraft:sugar_cane":6,"minecraft:grindstone":3,"minecraft:waxed_chiseled_copper":5,"minecraft:wall_torch":3,"minecraft:cauldron":1,"minecraft:seagrass":15,"minecraft:waxed_copper_bulb":1,"minecraft:red_candle":1,"minecraft:powered_rail":1,"minecraft:birch_log":6,"minecraft:wheat":3,"minecraft:lilac":1,"minecraft:waxed_copper_block":15,"minecraft:oak_log":143,"minecraft:waxed_oxidized_copper":4,"minecraft:dirt":113,"minecraft:dispenser":3,"minecraft:stonecutter":1,"minecraft:netherrack":329,"minecraft:deepslate":228,"minecraft:oak_leaves":63,"minecraft:nether_gold_ore":163,"minecraft:tuff":30,"minecraft:deepslate_diamond_ore":19,"minecraft:nether_bricks":5,"minecraft:decorated_pot":36,"minecraft:crimson_roots":3,"minecraft:redstone_wire":24,"minecraft:spruce_leaves":18,"minecraft:kelp":24,"minecraft:hay_block":1,"minecraft:redstone_ore":2,"minecraft:oak_trapdoor":4,"minecraft:furnace":12,"minecraft:carrots":35,"minecraft:waxed_copper_grate":16,"minecraft:andesite":7,"minecraft:chiseled_tuff":2,"minecraft:bookshelf":1,"minecraft:deepslate_iron_ore":56,"minecraft:rail":10,"minecraft:packed_ice":1,"minecraft:bamboo":1,"minecraft:waxed_weathered_copper_bulb":1,"minecraft:stone":366,"minecraft:bone_block":44,"minecraft:smithing_table":1,"minecraft:redstone_block":1,"minecraft:soul_sand":3,"minecraft:basalt":52,"minecraft:observer":7,"minecraft:dandelion":1,"minecraft:oak_fence":3,"minecraft:crafting_table":23,"minecraft:short_grass":188,"minecraft:sculk_sensor":24,"minecraft:lectern":7,"minecraft:copper_ore":2,"minecraft:tall_grass":12,"minecraft:red_glazed_terracotta":2,"minecraft:lapis_ore":3,"minecraft:deepslate_gold_ore":18,"minecraft:sculk":456,"minecraft:diorite":11,"minecraft:birch_planks":5,"minecraft:waxed_oxidized_copper_grate":13,"minecraft:redstone_torch":4,"minecraft:spruce_log":2,"minecraft:birch_leaves":3,"minecraft:bee_nest":1,"minecraft:coal_ore":206,"minecraft:gravel":36,"minecraft:cobweb":9,"minecraft:gold_ore":83,"minecraft:fern":11},"minecraft:custom":{"minecraft:interact_with_crafting_table":124,"minecraft:open_barrel":13,"minecraft:eat_cake_slice":7,"minecraft:leave_game":9,"minecraft:time_since_death":6660,"minecraft:sprint_one_cm":1572277,"minecraft:damage_blocked_by_shield":4989,"minecraft:drop":439,"minecraft:play_noteblock":4,"minecraft:talked_to_villager":133,"minecraft:play_time":555582,"minecraft:deaths":24,"minecraft:jump":7002,"minecraft:interact_with_brewingstand":13,"minecraft:walk_on_water_one_cm":84369,"minecraft:enchant_item":10,"minecraft:interact_with_furnace":226,"minecraft:play_record":3,"minecraft:traded_with_villager":1,"minecraft:sleep_in_bed":2,"minecraft:damage_dealt":66195,"minecraft:crouch_one_cm":114971,"minecraft:interact_with_smoker":306,"minecraft:inspect_dispenser":47,"minecraft:horse_one_cm":20,"minecraft:interact_with_smithing_table":13,"minecraft:interact_with_anvil":13,"minecraft:mob_kills":395,"minecraft:climb_one_cm":7487,"minecraft:walk_one_cm":1478451,"minecraft:sneak_time":34133,"minecraft:walk_under_water_one_cm":30311,"minecraft:boat_one_cm":1346,"minecraft:interact_with_blast_furnace":49,"minecraft:total_world_time":555582,"minecraft:tune_noteblock":34,"minecraft:interact_with_stonecutter":2,"minecraft:interact_with_grindstone":11,"minecraft:time_since_rest":6694,"minecraft:damage_taken":12351,"minecraft:swim_one_cm":107788,"minecraft:fly_one_cm":920640,"minecraft:open_chest":560,"minecraft:fall_one_cm":201213},"minecraft:crafted":{"minecraft:grindstone":1,"minecraft:oak_planks":284,"minecraft:blaze_powder":2,"minecraft:cooked_chicken":4,"minecraft:stone":120,"minecraft:cooked_mutton":3,"minecraft:hopper":1,"minecraft:diamond_helmet":1,"minecraft:repeater":2,"minecraft:bow":4,"minecraft:diamond_leggings":1,"minecraft:iron_boots":1,"minecraft:chest":14,"minecraft:dried_kelp_block":12,"minecraft:golden_boots":1,"minecraft:smoker":2,"minecraft:arrow":4,"minecraft:cooked_porkchop":10,"minecraft:cauldron":1,"minecraft:crafting_table":4,"minecraft:wooden_pickaxe":2,"minecraft:baked_potato":1,"minecraft:gold_block":9,"minecraft:brewing_stand":1,"minecraft:birch_planks":4,"minecraft:dispenser":2,"minecraft:diamond_pickaxe":4,"minecraft:shield":2,"minecraft:stick":56,"minecraft:stone_slab":2,"minecraft:iron_ingot":151,"minecraft:iron_pickaxe":1,"minecraft:iron_block":10,"minecraft:stone_sword":1,"minecraft:gold_ingot":232,"minecraft:redstone_torch":2,"minecraft:golden_carrot":81,"simple_backpack:void_pack":1,"minecraft:oak_door":3,"minecraft:iron_nugget":7,"minecraft:furnace":7,"minecraft:piston":7,"minecraft:bone_meal":1598,"minecraft:flint_and_steel":1,"minecraft:iron_axe":4,"minecraft:iron_hoe":1,"minecraft:stone_pickaxe":3,"minecraft:diamond_boots":1,"minecraft:observer":7,"minecraft:wheat":9,"minecraft:cooked_beef":24,"minecraft:bone_block":64,"minecraft:diamond_sword":1,"minecraft:dried_kelp":444,"minecraft:bucket":1,"minecraft:stone_axe":4,"minecraft:enchanted_book":1,"minecraft:air":0,"minecraft:bread":4,"minecraft:white_wool":3,"minecraft:gold_nugget":648,"minecraft:stonecutter":1,"minecraft:white_bed":1,"minecraft:diamond_chestplate":2},"minecraft:killed_by":{"minecraft:creeper":1,"minecraft:blaze":2,"minecraft:zombie":1,"minecraft:player":3,"minecraft:enderman":1,"minecraft:warden":4,"minecraft:hoglin":1}},"DataVersion":3953}