{"stats":{"minecraft:killed":{"minecraft:spider":5,"minecraft:skeleton":31,"minecraft:chicken":5,"minecraft:piglin_brute":16,"minecraft:magma_cube":27,"minecraft:piglin":9,"minecraft:pig":6,"minecraft:zombie_villager":1,"minecraft:creeper":5,"minecraft:sheep":6,"minecraft:trader_llama":1,"minecraft:zombie":27,"minecraft:ghast":1,"minecraft:blaze":44,"minecraft:cow":1,"minecraft:horse":1,"minecraft:hoglin":1,"minecraft:wither_skeleton":68,"minecraft:villager":1,"minecraft:enderman":1},"minecraft:broken":{"minecraft:stone_pickaxe":1,"minecraft:diamond_shovel":1,"minecraft:diamond_pickaxe":1,"minecraft:wooden_axe":1},"minecraft:dropped":{"minecraft:iron_sword":1,"minecraft:soul_sand":48,"minecraft:brown_mushroom":6,"minecraft:birch_planks":20,"minecraft:diamond_axe":1,"minecraft:ominous_bottle":1,"minecraft:lapis_lazuli":45,"minecraft:oak_log":256,"minecraft:glow_ink_sac":4,"minecraft:glass_bottle":8,"minecraft:diamond":1,"minecraft:netherite_upgrade_smithing_template":1,"minecraft:leather":5,"minecraft:rail":90,"minecraft:flint":8,"minecraft:item_frame":1,"minecraft:emerald":6,"minecraft:deepslate_tile_stairs":2,"minecraft:cracked_polished_blackstone_bricks":13,"minecraft:dirt":2318,"minecraft:polished_blackstone_brick_stairs":1,"minecraft:cooked_cod":13,"minecraft:polished_blackstone_bricks":31,"minecraft:gold_ingot":215,"minecraft:bone":17,"minecraft:oak_door":1,"minecraft:gravel":256,"minecraft:chiseled_polished_blackstone":2,"minecraft:blackstone":105,"minecraft:iron_nugget":21,"minecraft:chiseled_tuff_bricks":1,"minecraft:cobbled_deepslate":649,"minecraft:nether_brick":176,"minecraft:netherite_sword":1,"minecraft:birch_sapling":10,"minecraft:rotten_flesh":32,"minecraft:oak_planks":106,"minecraft:blaze_powder":1,"minecraft:nether_brick_fence":8,"minecraft:azure_bluet":1,"minecraft:white_bed":4,"minecraft:ward_armor_trim_smithing_template":1,"minecraft:chiseled_stone_bricks":88,"minecraft:deepslate_tiles":252,"minecraft:gunpowder":26,"minecraft:charcoal":1,"minecraft:melon_seeds":3,"minecraft:chest":2,"minecraft:iron_ore":1,"minecraft:arrow":27,"minecraft:chiseled_tuff":2,"minecraft:powered_rail":3,"minecraft:crying_obsidian":12,"minecraft:quartz":23,"minecraft:oak_leaves":5,"minecraft:splash_potion":1,"minecraft:netherrack":13,"minecraft:lectern":1,"minecraft:enchanted_book":10,"minecraft:iron_ingot":5,"minecraft:oak_slab":8,"minecraft:wheat_seeds":29,"minecraft:lilac":1,"minecraft:minecart":1,"minecraft:iron_helmet":5,"minecraft:cobblestone":1123,"minecraft:book":454,"minecraft:spectral_arrow":92,"minecraft:apple":3,"minecraft:granite":4,"minecraft:activator_rail":6,"minecraft:disc_fragment_5":5,"minecraft:coal":629,"minecraft:golden_apple":1,"minecraft:stick":10,"minecraft:oxeye_daisy":1,"minecraft:diorite":18,"minecraft:torch":1,"minecraft:iron_door":3,"minecraft:lapis_ore":1,"minecraft:potion":4,"minecraft:iron_leggings":6,"minecraft:oak_stairs":34,"minecraft:polished_basalt":1,"minecraft:paper":4,"minecraft:string":35,"minecraft:bucket":1,"minecraft:music_disc_cat":1,"minecraft:polished_deepslate":2,"minecraft:dandelion":8,"minecraft:oak_trapdoor":2,"minecraft:soul_torch":16,"minecraft:stone_sword":1,"minecraft:raw_copper":137,"minecraft:tuff":4,"minecraft:diamond_hoe":1,"minecraft:sculk_sensor":3,"minecraft:smoker":2,"minecraft:name_tag":1,"minecraft:nether_bricks":1,"minecraft:flint_and_steel":1,"minecraft:blast_furnace":1,"minecraft:diamond_sword":1,"minecraft:stone":110,"minecraft:shield":3,"minecraft:spruce_planks":24,"minecraft:iron_chestplate":2,"minecraft:diamond_pickaxe":2,"minecraft:andesite":18,"minecraft:yellow_bed":3,"minecraft:oak_boat":1,"minecraft:oak_sapling":40,"minecraft:redstone_torch":1,"minecraft:stone_pressure_plate":1,"minecraft:spider_eye":3,"minecraft:stone_bricks":8,"minecraft:bamboo":188,"minecraft:sandstone":6,"minecraft:bow":2,"minecraft:stone_pickaxe":1,"minecraft:magma_cream":1},"minecraft:used":{"minecraft:chiseled_tuff":1,"minecraft:diamond_hoe":1022,"minecraft:decorated_pot":1,"minecraft:chest":28,"minecraft:stone":36,"minecraft:rotten_flesh":8,"minecraft:sculk_sensor":1,"minecraft:mutton":1,"minecraft:nether_bricks":10,"minecraft:tuff":21,"minecraft:spruce_boat":11,"minecraft:waxed_oxidized_copper":1,"minecraft:villager_spawn_egg":2,"minecraft:stone_bricks":1,"minecraft:item_frame":14,"minecraft:furnace":5,"minecraft:skeleton_skull":3,"minecraft:egg":4,"minecraft:diorite":5,"minecraft:diamond_boots":1,"minecraft:oak_planks":677,"minecraft:stone_pickaxe":369,"minecraft:powered_rail":1,"minecraft:sandstone":11,"minecraft:wooden_pickaxe":133,"minecraft:composter":1,"minecraft:diamond_axe":1154,"tradingpost:trading_post":1,"minecraft:oak_leaves":1,"minecraft:glow_berries":35,"minecraft:crossbow":25,"minecraft:note_block":3,"minecraft:deepslate_tiles":114,"minecraft:bread":191,"minecraft:lectern":3,"minecraft:deepslate":45,"minecraft:gravel":9,"minecraft:nether_wart_block":3,"minecraft:diamond_sword":518,"minecraft:wooden_sword":4,"minecraft:grindstone":1,"minecraft:smithing_table":1,"minecraft:andesite":1,"minecraft:oak_boat":14,"minecraft:oak_fence":32,"minecraft:experience_bottle":1141,"minecraft:oak_trapdoor":1,"minecraft:netherite_sword":35,"minecraft:enchanting_table":1,"minecraft:cracked_deepslate_bricks":2,"minecraft:dried_kelp":95,"minecraft:sculk":22,"minecraft:netherrack":303,"minecraft:oak_door":5,"minecraft:torch":212,"minecraft:dirt":267,"minecraft:anvil":2,"minecraft:diamond_helmet":1,"minecraft:dark_oak_planks":1,"minecraft:wooden_axe":82,"minecraft:bookshelf":7,"minecraft:oak_stairs":102,"minecraft:diamond_chestplate":2,"minecraft:basalt":4,"minecraft:golden_carrot":4,"minecraft:cooked_beef":4,"minecraft:cobbled_deepslate":164,"minecraft:orange_terracotta":2,"minecraft:iron_leggings":1,"minecraft:cooked_mutton":2,"minecraft:water_bucket":726,"minecraft:lead":1,"minecraft:cut_sandstone":10,"minecraft:fletching_table":4,"minecraft:stonecutter":1,"minecraft:deepslate_bricks":3,"minecraft:polished_blackstone_bricks":8,"minecraft:rail":1,"minecraft:crafting_table":28,"minecraft:birch_sign":6,"minecraft:white_bed":5,"minecraft:oak_log":1,"minecraft:ender_eye":31,"minecraft:diamond_pickaxe":9318,"minecraft:diamond_shovel":3417,"minecraft:wind_charge":23,"minecraft:chicken":5,"minecraft:iron_pickaxe":144,"minecraft:stone_axe":38,"minecraft:chiseled_stone_bricks":6,"minecraft:cobblestone":354,"minecraft:potion":7,"minecraft:porkchop":12,"minecraft:bucket":727,"minecraft:diamond_leggings":1,"minecraft:gray_wool":1,"minecraft:sculk_catalyst":1,"minecraft:jukebox":2,"minecraft:soul_torch":97},"minecraft:picked_up":{"minecraft:wooden_axe":2,"minecraft:iron_chestplate":1,"minecraft:nether_brick_fence":10,"minecraft:anvil":1,"minecraft:lead":3,"minecraft:smithing_table":1,"minecraft:diamond_sword":1,"minecraft:oak_stairs":63,"minecraft:potion":9,"minecraft:enchanted_book":36,"minecraft:nether_brick":241,"minecraft:polished_deepslate":4,"minecraft:polished_blackstone_brick_stairs":2,"minecraft:string":55,"minecraft:raw_copper":162,"minecraft:deepslate_lapis_ore":1,"minecraft:iron_leggings":2,"minecraft:experience_bottle":13,"minecraft:activator_rail":3,"minecraft:deepslate_tiles":82,"minecraft:gold_nugget":16,"minecraft:cobbled_deepslate":1003,"minecraft:spruce_planks":24,"minecraft:redstone_torch":1,"minecraft:ender_eye":19,"minecraft:netherite_upgrade_smithing_template":1,"minecraft:iron_pickaxe":1,"minecraft:deepslate_tile_wall":1,"minecraft:iron_boots":2,"minecraft:furnace":3,"minecraft:stick":66,"minecraft:jukebox":1,"minecraft:composter":2,"minecraft:oak_fence":2,"minecraft:torch":72,"minecraft:porkchop":23,"minecraft:dried_kelp":85,"minecraft:villager_spawn_egg":1,"minecraft:diorite":58,"minecraft:music_disc_pigstep":2,"minecraft:deepslate_tile_stairs":2,"minecraft:stone_sword":1,"minecraft:rotten_flesh":45,"minecraft:polished_basalt":1,"minecraft:bookshelf":36,"minecraft:blaze_rod":63,"minecraft:obsidian":21,"minecraft:cobblestone":2840,"minecraft:birch_log":6,"minecraft:magma_block":2,"minecraft:feather":10,"minecraft:lilac":1,"minecraft:magma_cream":1,"minecraft:iron_door":3,"minecraft:andesite":30,"minecraft:smoker":2,"minecraft:flint":2,"minecraft:tuff":31,"minecraft:wither_skeleton_skull":3,"minecraft:lapis_lazuli":103,"minecraft:dirt":2768,"minecraft:disc_fragment_5":3,"minecraft:name_tag":1,"minecraft:bone":162,"minecraft:chipped_anvil":1,"minecraft:bow":3,"minecraft:stonecutter":1,"minecraft:wheat_seeds":31,"minecraft:raw_gold":6,"minecraft:bell":1,"minecraft:fletching_table":3,"minecraft:bamboo":252,"minecraft:powered_rail":6,"minecraft:oak_planks":144,"minecraft:chiseled_polished_blackstone":2,"minecraft:sand":6,"minecraft:spectral_arrow":160,"minecraft:diamond":15,"minecraft:deepslate":67,"minecraft:spruce_boat":11,"minecraft:cracked_polished_blackstone_bricks":17,"minecraft:crossbow":1,"minecraft:granite":4,"minecraft:oak_sapling":41,"minecraft:netherrack":452,"minecraft:oak_leaves":6,"minecraft:diamond_pickaxe":4,"minecraft:charcoal":2,"minecraft:crafting_table":31,"minecraft:chicken":5,"minecraft:azure_bluet":1,"minecraft:ominous_bottle":1,"minecraft:splash_potion":2,"minecraft:chest_minecart":1,"minecraft:brown_mushroom":6,"minecraft:wooden_pickaxe":4,"minecraft:gold_block":38,"minecraft:shield":3,"minecraft:oak_trapdoor":1,"minecraft:wooden_sword":2,"minecraft:item_frame":3,"minecraft:blackstone":122,"minecraft:cyan_carpet":1,"minecraft:candle":4,"minecraft:netherite_sword":2,"minecraft:beef":3,"minecraft:music_disc_otherside":1,"minecraft:echo_shard":6,"minecraft:oak_boat":12,"minecraft:chiseled_tuff":2,"minecraft:iron_nugget":102,"minecraft:minecart":2,"minecraft:lectern":3,"minecraft:chest":7,"minecraft:birch_sapling":10,"minecraft:diamond_hoe":2,"minecraft:waxed_oxidized_copper":1,"minecraft:egg":5,"minecraft:raw_iron":59,"minecraft:sandstone":17,"minecraft:stone":172,"minecraft:oak_door":5,"minecraft:note_block":1,"minecraft:fire_charge":17,"minecraft:polished_blackstone_bricks":41,"minecraft:redstone":98,"minecraft:music_disc_creator_music_box":2,"minecraft:stone_pressure_plate":1,"minecraft:dark_oak_planks":1,"minecraft:tnt":10,"minecraft:arrow":65,"minecraft:decorated_pot":1,"minecraft:nether_bricks":11,"minecraft:deepslate_bricks":5,"minecraft:hay_block":31,"minecraft:cracked_deepslate_bricks":3,"minecraft:ward_armor_trim_smithing_template":1,"minecraft:saddle":1,"minecraft:gold_ingot":49,"minecraft:mutton":17,"minecraft:rail":91,"minecraft:skeleton_skull":3,"minecraft:white_wool":7,"minecraft:oxeye_daisy":2,"minecraft:lapis_ore":1,"minecraft:basalt":8,"minecraft:golden_carrot":15,"minecraft:glow_ink_sac":4,"minecraft:leather":42,"minecraft:cut_sandstone":10,"minecraft:birch_planks":20,"minecraft:oak_log":636,"minecraft:yellow_bed":3,"minecraft:nether_wart_block":3,"minecraft:gunpowder":11,"minecraft:paper":4,"minecraft:orange_terracotta":2,"minecraft:apple":9,"minecraft:stone_bricks":9,"minecraft:iron_ingot":10,"minecraft:stone_pickaxe":8,"minecraft:iron_ore":1,"minecraft:glass_bottle":8,"minecraft:iron_sword":1,"minecraft:soul_sand":78,"minecraft:book":1416,"minecraft:sculk":12,"minecraft:chiseled_stone_bricks":50,"minecraft:quartz":57,"minecraft:dandelion":8,"minecraft:gravel":264,"minecraft:soul_torch":92,"minecraft:blast_furnace":1,"minecraft:white_bed":10,"minecraft:crying_obsidian":35,"minecraft:spider_eye":4,"minecraft:sculk_sensor":2,"minecraft:stone_axe":2,"minecraft:iron_helmet":4,"minecraft:diamond_axe":1,"minecraft:birch_sign":3,"minecraft:gray_wool":4,"minecraft:melon_seeds":3,"minecraft:coal":849,"minecraft:chiseled_tuff_bricks":1,"minecraft:ender_pearl":4},"minecraft:mined":{"minecraft:dark_oak_planks":1,"minecraft:white_bed":8,"minecraft:stone_pressure_plate":1,"minecraft:farmland":1,"minecraft:sculk_vein":5,"minecraft:obsidian":7,"minecraft:granite":20,"minecraft:chiseled_polished_blackstone":1,"minecraft:deepslate_tile_wall":2,"minecraft:grass_block":1015,"minecraft:cracked_polished_blackstone_bricks":20,"minecraft:deepslate_bricks":4,"minecraft:soul_soil":2,"minecraft:deepslate_tile_stairs":2,"minecraft:blue_wool":1,"minecraft:chiseled_tuff_bricks":1,"minecraft:composter":2,"minecraft:oxeye_daisy":2,"minecraft:chiseled_stone_bricks":6,"minecraft:spawner":1,"minecraft:polished_blackstone_bricks":59,"minecraft:magma_block":4,"minecraft:iron_ore":42,"minecraft:fire":30,"minecraft:cobbled_deepslate":21,"minecraft:anvil":1,"minecraft:deepslate_lapis_ore":1,"minecraft:fletching_table":3,"minecraft:sculk_shrieker":20,"minecraft:skeleton_wall_skull":1,"minecraft:cave_vines":4,"minecraft:dirt_path":24,"minecraft:oak_stairs":62,"minecraft:birch_wall_sign":3,"minecraft:cut_sandstone":10,"minecraft:deepslate_redstone_ore":22,"minecraft:soul_wall_torch":27,"minecraft:brown_mushroom":2,"minecraft:blackstone":31,"minecraft:soul_fire":11,"minecraft:orange_terracotta":2,"minecraft:reinforced_deepslate":1,"minecraft:powder_snow":1,"minecraft:torch":18,"minecraft:note_block":1,"minecraft:blast_furnace":1,"minecraft:chest":3,"minecraft:cobblestone":96,"minecraft:oak_planks":114,"minecraft:iron_door":3,"minecraft:wall_torch":16,"minecraft:skeleton_skull":1,"minecraft:powered_rail":3,"minecraft:nether_wart_block":3,"minecraft:birch_log":7,"minecraft:wheat":4,"minecraft:jukebox":1,"minecraft:tnt":9,"minecraft:oak_log":549,"minecraft:waxed_oxidized_copper":1,"minecraft:sand":6,"minecraft:dirt":2347,"minecraft:stonecutter":1,"minecraft:netherrack":1297,"minecraft:deepslate":926,"minecraft:oak_leaves":780,"minecraft:nether_gold_ore":5,"minecraft:deepslate_tiles":7,"minecraft:tuff":20,"minecraft:light_blue_wool":1,"minecraft:deepslate_diamond_ore":12,"minecraft:oak_door":2,"minecraft:glow_lichen":1,"minecraft:nether_bricks":44,"minecraft:decorated_pot":1,"minecraft:sandstone":17,"minecraft:hay_block":31,"minecraft:furnace":3,"minecraft:polished_basalt":1,"minecraft:andesite":49,"minecraft:gold_block":39,"minecraft:chiseled_tuff":1,"minecraft:nether_brick_fence":4,"minecraft:polished_deepslate":2,"minecraft:bookshelf":233,"minecraft:deepslate_iron_ore":1,"minecraft:rail":90,"minecraft:bamboo":32,"minecraft:stone":6402,"minecraft:glass_pane":2,"minecraft:soul_sand":35,"minecraft:soul_torch":5,"minecraft:basalt":11,"minecraft:dandelion":1,"minecraft:oak_fence":2,"minecraft:crafting_table":26,"minecraft:short_grass":57,"minecraft:sculk_sensor":2,"minecraft:lectern":2,"minecraft:copper_ore":36,"minecraft:lapis_ore":8,"minecraft:deepslate_gold_ore":6,"minecraft:polished_blackstone_brick_stairs":3,"minecraft:cracked_deepslate_bricks":2,"minecraft:sculk":40,"minecraft:diorite":87,"minecraft:gray_wool":5,"minecraft:redstone_torch":3,"minecraft:birch_leaves":192,"minecraft:yellow_bed":3,"minecraft:coal_ore":254,"minecraft:gravel":156,"minecraft:cracked_stone_bricks":1,"minecraft:stone_bricks":9,"minecraft:mossy_stone_bricks":3,"minecraft:chipped_anvil":1,"minecraft:fern":3},"minecraft:custom":{"minecraft:interact_with_crafting_table":86,"minecraft:bell_ring":5,"minecraft:eat_cake_slice":5,"minecraft:leave_game":13,"minecraft:time_since_death":18033,"minecraft:sprint_one_cm":2040155,"minecraft:drop":1434,"minecraft:play_noteblock":3,"minecraft:talked_to_villager":58,"minecraft:play_time":1457840,"minecraft:deaths":43,"minecraft:jump":13651,"minecraft:walk_on_water_one_cm":340804,"minecraft:enchant_item":18,"minecraft:interact_with_furnace":79,"minecraft:play_record":4,"minecraft:traded_with_villager":34,"minecraft:sleep_in_bed":20,"minecraft:damage_dealt":47321,"minecraft:player_kills":3,"minecraft:crouch_one_cm":980679,"minecraft:interact_with_smoker":16,"minecraft:inspect_dispenser":2,"minecraft:horse_one_cm":266308,"minecraft:interact_with_smithing_table":17,"minecraft:interact_with_anvil":16,"minecraft:mob_kills":267,"minecraft:climb_one_cm":3710,"minecraft:walk_one_cm":1753667,"minecraft:sneak_time":219984,"minecraft:walk_under_water_one_cm":28912,"minecraft:boat_one_cm":645674,"minecraft:interact_with_blast_furnace":14,"minecraft:total_world_time":1457840,"minecraft:tune_noteblock":24,"minecraft:interact_with_stonecutter":9,"minecraft:interact_with_grindstone":15,"minecraft:time_since_rest":12896,"minecraft:damage_taken":23008,"minecraft:swim_one_cm":20648,"minecraft:fly_one_cm":5098607,"minecraft:open_chest":546,"minecraft:fall_one_cm":505306},"minecraft:crafted":{"minecraft:grindstone":1,"minecraft:oak_planks":2380,"minecraft:blaze_powder":8,"minecraft:stone":54,"minecraft:diamond_shovel":2,"minecraft:bookshelf":8,"minecraft:cooked_mutton":2,"minecraft:diamond_helmet":2,"minecraft:diamond_leggings":1,"minecraft:iron_boots":2,"minecraft:chest":24,"minecraft:chiseled_tuff":1,"minecraft:ender_eye":7,"minecraft:oak_fence":156,"minecraft:golden_boots":1,"minecraft:oak_slab":12,"minecraft:item_frame":33,"minecraft:emerald":32,"minecraft:diamond_axe":1,"minecraft:crafting_table":8,"minecraft:iron_helmet":1,"minecraft:wooden_pickaxe":7,"minecraft:fletching_table":1,"minecraft:birch_planks":24,"minecraft:lectern":1,"minecraft:iron_chestplate":1,"minecraft:diamond_pickaxe":2,"minecraft:stick":1736,"minecraft:stone_slab":6,"minecraft:iron_ingot":77,"minecraft:iron_pickaxe":3,"minecraft:gold_ingot":203,"minecraft:netherite_sword":1,"minecraft:jukebox":1,"minecraft:diamond_hoe":1,"minecraft:furnace":4,"minecraft:oak_trapdoor":2,"tradingpost:trading_post":1,"minecraft:stone_pickaxe":5,"minecraft:diamond_boots":1,"minecraft:birch_sign":3,"minecraft:wheat":279,"minecraft:cooked_beef":4,"minecraft:cooked_cod":13,"simple_backpack:backpack":1,"minecraft:enchanting_table":1,"minecraft:dried_kelp":41,"minecraft:bucket":3,"minecraft:deepslate_tiles":1,"minecraft:stone_axe":1,"minecraft:enchanted_book":2,"minecraft:air":0,"minecraft:bread":93,"minecraft:oak_boat":5,"minecraft:wooden_axe":4,"minecraft:oak_stairs":76,"minecraft:iron_leggings":1,"minecraft:anvil":1,"minecraft:note_block":2,"minecraft:torch":192,"minecraft:diamond_chestplate":2},"minecraft:killed_by":{"minecraft:piglin_brute":4,"minecraft:piglin":1,"minecraft:zombie":6,"minecraft:spider":1,"minecraft:warden":13}},"DataVersion":3953}