{"stats":{"minecraft:mined":{"minecraft:tall_grass":9,"minecraft:short_grass":93,"minecraft:oak_log":6,"minecraft:oak_leaves":3},"minecraft:custom":{"minecraft:jump":39,"minecraft:time_since_rest":2571,"minecraft:leave_game":2,"minecraft:crouch_one_cm":191,"minecraft:play_time":2571,"minecraft:sprint_one_cm":6979,"minecraft:time_since_death":2571,"minecraft:walk_one_cm":6704,"minecraft:sneak_time":87,"minecraft:total_world_time":2571,"minecraft:fall_one_cm":1312,"minecraft:fly_one_cm":9126},"minecraft:picked_up":{"minecraft:oak_log":6,"minecraft:wheat_seeds":8}},"DataVersion":3953}