{"stats":{"minecraft:picked_up":{"minecraft:wooden_axe":1,"minecraft:iron_chestplate":1,"minecraft:wheat":12,"minecraft:anvil":2,"minecraft:smithing_table":1,"minecraft:lead":9,"minecraft:oak_stairs":56,"minecraft:potion":3,"minecraft:enchanted_book":9,"minecraft:nether_brick":25,"minecraft:brewing_stand":2,"minecraft:amethyst_block":7,"minecraft:music_disc_cat":1,"minecraft:string":17,"minecraft:iron_leggings":6,"minecraft:pufferfish":16,"minecraft:oak_sign":1,"minecraft:beetroot":2,"minecraft:activator_rail":3,"minecraft:deepslate_tiles":236,"minecraft:gold_nugget":46,"minecraft:cobbled_deepslate":1297,"minecraft:bucket":1,"minecraft:spruce_planks":44,"minecraft:redstone_torch":9,"minecraft:calcite":2,"minecraft:netherite_upgrade_smithing_template":1,"minecraft:iron_pickaxe":1,"minecraft:melon_slice":64,"minecraft:iron_boots":1,"minecraft:furnace":6,"minecraft:stick":53,"minecraft:composter":4,"minecraft:oak_fence":15,"minecraft:torch":96,"minecraft:porkchop":9,"minecraft:dried_kelp":104,"minecraft:pointed_dripstone":2,"minecraft:diorite":26,"minecraft:stone_sword":2,"minecraft:rotten_flesh":105,"minecraft:tropical_fish":1,"minecraft:bookshelf":4,"minecraft:blaze_rod":28,"minecraft:obsidian":3,"minecraft:cod":71,"minecraft:blaze_powder":1,"minecraft:cobblestone":2306,"minecraft:nautilus_shell":2,"minecraft:birch_log":95,"minecraft:cooked_beef":2,"minecraft:magma_cream":3,"minecraft:water_bucket":2,"minecraft:andesite":79,"minecraft:potato":6,"minecraft:flint":9,"minecraft:tuff":24,"minecraft:lapis_lazuli":322,"minecraft:dirt":1143,"minecraft:disc_fragment_5":5,"minecraft:name_tag":3,"minecraft:leather_boots":2,"minecraft:bone":58,"minecraft:bow":4,"minecraft:stonecutter":1,"minecraft:wheat_seeds":62,"minecraft:raw_gold":5,"minecraft:bell":2,"minecraft:grindstone":1,"minecraft:powered_rail":31,"minecraft:oak_planks":392,"minecraft:ink_sac":2,"minecraft:spectral_arrow":11,"minecraft:diamond":124,"minecraft:spruce_boat":7,"minecraft:granite":9,"minecraft:crossbow":4,"minecraft:breeze_rod":1,"minecraft:bone_meal":1,"minecraft:golden_apple":1,"minecraft:emerald":10,"minecraft:music_disc_precipice":2,"minecraft:oak_sapling":35,"minecraft:netherrack":211,"minecraft:diamond_pickaxe":3,"minecraft:charcoal":2,"minecraft:fishing_rod":3,"minecraft:crafting_table":10,"minecraft:ominous_bottle":2,"minecraft:splash_potion":1,"minecraft:nether_wart":29,"minecraft:brown_mushroom":10,"minecraft:wooden_pickaxe":2,"minecraft:gold_block":1,"minecraft:wind_charge":54,"minecraft:cornflower":1,"minecraft:oak_trapdoor":23,"minecraft:iron_axe":2,"minecraft:wooden_sword":1,"minecraft:compass":1,"minecraft:blackstone":24,"minecraft:netherite_sword":1,"minecraft:beef":1,"minecraft:oak_boat":2,"minecraft:iron_nugget":21,"minecraft:minecart":12,"minecraft:lectern":16,"minecraft:sugar_cane":8,"minecraft:chest":2,"minecraft:birch_sapling":15,"minecraft:diamond_hoe":1,"minecraft:egg":34,"minecraft:raw_iron":155,"minecraft:oak_door":1,"minecraft:note_block":1,"minecraft:fire_charge":4,"minecraft:carrot":42,"minecraft:redstone":123,"minecraft:arrow":49,"minecraft:cooked_cod":14,"minecraft:decorated_pot":1,"minecraft:beetroot_seeds":8,"minecraft:saddle":2,"minecraft:ward_armor_trim_smithing_template":1,"minecraft:gold_ingot":5,"minecraft:rail":202,"minecraft:basalt":50,"minecraft:glow_ink_sac":6,"minecraft:crimson_stem":5,"minecraft:salmon":27,"minecraft:leather":11,"minecraft:birch_planks":7,"minecraft:oak_log":309,"minecraft:lily_pad":1,"minecraft:golden_boots":1,"minecraft:yellow_bed":3,"minecraft:gunpowder":2,"minecraft:white_banner":1,"minecraft:apple":7,"minecraft:stone_bricks":51,"minecraft:iron_ingot":3,"minecraft:stone_pickaxe":3,"minecraft:glass_bottle":3,"minecraft:iron_sword":2,"minecraft:soul_sand":7,"minecraft:book":28,"minecraft:smooth_basalt":1,"minecraft:quartz":472,"minecraft:dandelion":7,"minecraft:gravel":93,"minecraft:amethyst_shard":32,"minecraft:soul_torch":3,"minecraft:blast_furnace":8,"minecraft:white_bed":6,"minecraft:spruce_log":21,"minecraft:crying_obsidian":5,"minecraft:spider_eye":11,"minecraft:polished_tuff":1,"minecraft:diamond_shovel":2,"minecraft:sculk_sensor":3,"minecraft:stone_axe":1,"minecraft:lodestone":1,"minecraft:coal":879,"minecraft:chiseled_tuff_bricks":6,"minecraft:ender_pearl":4},"minecraft:killed_by":{"minecraft:wither_skeleton":1,"minecraft:zombified_piglin":2,"minecraft:creeper":1,"minecraft:magma_cube":1,"minecraft:blaze":2,"minecraft:zombie":1,"minecraft:warden":2},"minecraft:dropped":{"minecraft:iron_sword":2,"minecraft:soul_sand":6,"minecraft:birch_planks":21,"minecraft:ominous_bottle":1,"minecraft:glass_bottle":5,"minecraft:diamond":25,"minecraft:glow_berries":2,"minecraft:leather":2,"minecraft:saddle":1,"minecraft:rail":11,"minecraft:flint":9,"minecraft:dirt":476,"minecraft:polished_blackstone_brick_stairs":1,"minecraft:cooked_cod":29,"minecraft:wooden_sword":1,"minecraft:bone_meal":1,"minecraft:polished_blackstone_bricks":2,"minecraft:iron_pickaxe":1,"minecraft:fishing_rod":2,"minecraft:gold_ingot":30,"minecraft:gravel":3,"minecraft:stone_axe":1,"minecraft:iron_nugget":1,"minecraft:chiseled_tuff_bricks":6,"minecraft:cobbled_deepslate":130,"minecraft:netherite_sword":1,"minecraft:rotten_flesh":41,"minecraft:oak_planks":85,"minecraft:diamond_shovel":2,"minecraft:white_bed":2,"minecraft:carrot":1,"minecraft:wind_charge":27,"minecraft:deepslate_tiles":3,"minecraft:gunpowder":1,"minecraft:beetroot_seeds":7,"minecraft:chest":2,"minecraft:arrow":29,"minecraft:lectern":1,"minecraft:egg":2,"minecraft:enchanted_book":6,"minecraft:golden_boots":1,"minecraft:iron_ingot":3,"minecraft:oak_slab":8,"minecraft:wheat_seeds":16,"minecraft:oak_fence":1,"minecraft:iron_helmet":1,"minecraft:cobblestone":237,"minecraft:book":3,"minecraft:spectral_arrow":11,"minecraft:granite":2,"minecraft:coal":192,"minecraft:stick":22,"minecraft:pufferfish":10,"minecraft:diorite":6,"minecraft:torch":14,"minecraft:wooden_axe":1,"minecraft:potion":2,"minecraft:iron_leggings":2,"minecraft:dried_kelp":7,"minecraft:oak_stairs":21,"minecraft:iron_axe":2,"minecraft:string":5,"minecraft:lily_pad":1,"minecraft:dandelion":4,"minecraft:redstone":5,"minecraft:oak_trapdoor":12,"minecraft:soul_torch":1,"minecraft:stone_sword":2,"minecraft:tuff":6,"minecraft:raw_iron":14,"minecraft:name_tag":1,"minecraft:potato":1,"minecraft:spruce_planks":22,"minecraft:diamond_pickaxe":2,"minecraft:iron_chestplate":2,"minecraft:andesite":44,"minecraft:wooden_shovel":1,"minecraft:redstone_torch":1,"minecraft:spider_eye":7,"minecraft:bow":1,"minecraft:stone_pickaxe":5,"minecraft:wooden_pickaxe":2,"minecraft:nautilus_shell":1,"minecraft:calcite":2},"minecraft:custom":{"minecraft:animals_bred":6,"minecraft:interact_with_crafting_table":131,"minecraft:bell_ring":51,"minecraft:eat_cake_slice":2,"minecraft:leave_game":21,"minecraft:time_since_death":54628,"minecraft:sprint_one_cm":1628390,"minecraft:damage_blocked_by_shield":2982,"minecraft:drop":272,"minecraft:play_noteblock":2,"minecraft:talked_to_villager":78,"minecraft:play_time":1291607,"minecraft:deaths":19,"minecraft:jump":8320,"minecraft:interact_with_brewingstand":10,"minecraft:walk_on_water_one_cm":330108,"minecraft:enchant_item":5,"minecraft:interact_with_furnace":208,"minecraft:play_record":1,"minecraft:traded_with_villager":100,"minecraft:sleep_in_bed":6,"minecraft:damage_dealt":40021,"minecraft:crouch_one_cm":31543,"minecraft:interact_with_smoker":28,"minecraft:interact_with_smithing_table":16,"minecraft:use_cauldron":1,"minecraft:inspect_dispenser":7,"minecraft:horse_one_cm":533041,"minecraft:interact_with_anvil":28,"minecraft:mob_kills":229,"minecraft:climb_one_cm":891,"minecraft:walk_one_cm":4431625,"minecraft:sneak_time":12678,"minecraft:walk_under_water_one_cm":22519,"minecraft:boat_one_cm":590638,"minecraft:interact_with_blast_furnace":61,"minecraft:total_world_time":1291607,"minecraft:tune_noteblock":3,"minecraft:interact_with_stonecutter":28,"minecraft:interact_with_grindstone":14,"minecraft:time_since_rest":54674,"minecraft:damage_taken":12156,"minecraft:minecart_one_cm":14875,"minecraft:swim_one_cm":3125,"minecraft:fly_one_cm":512821,"minecraft:open_chest":799,"minecraft:fish_caught":111,"minecraft:fall_one_cm":182544},"minecraft:crafted":{"minecraft:smooth_stone":6,"minecraft:oak_planks":1476,"minecraft:oak_sign":3,"minecraft:stone":931,"minecraft:diamond_shovel":1,"minecraft:bookshelf":2,"minecraft:quartz_block":112,"minecraft:diamond_helmet":1,"minecraft:diamond_leggings":1,"minecraft:iron_boots":1,"minecraft:chest":1,"minecraft:rail":16,"minecraft:stone_bricks":32,"minecraft:oak_slab":24,"minecraft:wooden_shovel":1,"minecraft:emerald":95,"minecraft:cooked_porkchop":6,"minecraft:diamond_axe":1,"minecraft:crafting_table":6,"minecraft:spruce_planks":80,"minecraft:wooden_pickaxe":1,"minecraft:iron_helmet":3,"minecraft:smithing_table":1,"minecraft:birch_planks":360,"minecraft:lectern":4,"minecraft:iron_chestplate":2,"minecraft:book":1,"minecraft:paper":3,"minecraft:charcoal":4,"minecraft:shield":1,"minecraft:stick":2736,"minecraft:iron_ingot":124,"minecraft:iron_pickaxe":2,"minecraft:iron_block":3,"minecraft:gold_ingot":20,"minecraft:redstone_torch":19,"minecraft:wooden_sword":1,"minecraft:oak_door":3,"minecraft:fishing_rod":2,"minecraft:iron_nugget":90,"minecraft:furnace":5,"minecraft:blast_furnace":2,"minecraft:bone_meal":72,"minecraft:oak_trapdoor":46,"minecraft:lantern":10,"minecraft:iron_axe":1,"minecraft:stone_pickaxe":4,"minecraft:diamond_boots":1,"minecraft:spruce_boat":3,"minecraft:redstone_block":2,"minecraft:minecart":4,"minecraft:sugar":2,"minecraft:cooked_cod":41,"minecraft:diamond_sword":1,"minecraft:powered_rail":12,"minecraft:iron_sword":1,"minecraft:cooked_salmon":27,"minecraft:bucket":2,"minecraft:enchanted_book":14,"minecraft:air":0,"minecraft:bread":4,"minecraft:oak_fence_gate":1,"minecraft:white_wool":2,"minecraft:fermented_spider_eye":2,"minecraft:wooden_axe":1,"minecraft:oak_stairs":28,"minecraft:iron_leggings":2,"minecraft:anvil":1,"minecraft:white_bed":1,"minecraft:torch":452,"minecraft:diamond_chestplate":3},"minecraft:broken":{"minecraft:stone_pickaxe":1,"minecraft:fishing_rod":2,"minecraft:iron_axe":1,"minecraft:iron_pickaxe":2},"minecraft:killed":{"minecraft:zombified_piglin":5,"minecraft:spider":13,"minecraft:skeleton":33,"minecraft:magma_cube":18,"minecraft:piglin":7,"minecraft:pig":4,"minecraft:creeper":1,"minecraft:sheep":1,"minecraft:trader_llama":3,"minecraft:pillager":2,"minecraft:zombie":92,"minecraft:cow":1,"minecraft:blaze":29,"minecraft:phantom":2,"minecraft:drowned":2,"minecraft:wandering_trader":1,"minecraft:squid":1,"minecraft:wither_skeleton":5,"minecraft:enderman":1},"minecraft:used":{"minecraft:beetroot":2,"minecraft:oak_sign":3,"minecraft:diamond_hoe":1,"minecraft:decorated_pot":1,"minecraft:chest":1,"minecraft:shield":124,"minecraft:iron_sword":350,"minecraft:bell":2,"minecraft:rotten_flesh":61,"minecraft:sculk_sensor":1,"minecraft:iron_chestplate":1,"minecraft:carrot":41,"minecraft:tuff":18,"minecraft:honey_bottle":4,"minecraft:spruce_boat":9,"minecraft:lava_bucket":2,"minecraft:lantern":10,"minecraft:birch_sapling":14,"minecraft:iron_helmet":1,"minecraft:stone_bricks":975,"minecraft:bow":12,"minecraft:oak_sapling":33,"minecraft:furnace":13,"minecraft:cooked_cod":26,"minecraft:beetroot_seeds":1,"minecraft:egg":32,"minecraft:potato":1,"minecraft:diorite":1,"minecraft:diamond_boots":1,"minecraft:oak_planks":459,"minecraft:stone_pickaxe":233,"minecraft:powered_rail":39,"minecraft:ender_pearl":1,"minecraft:wooden_pickaxe":3,"minecraft:redstone_block":2,"minecraft:composter":3,"minecraft:sugar_cane":3,"minecraft:diamond_axe":257,"minecraft:glow_berries":4,"minecraft:blast_furnace":9,"minecraft:note_block":1,"minecraft:polished_tuff":1,"minecraft:deepslate_tiles":602,"minecraft:redstone_torch":20,"minecraft:melon_slice":64,"minecraft:bread":4,"minecraft:lectern":19,"minecraft:gravel":23,"minecraft:diamond_sword":532,"minecraft:wooden_sword":8,"minecraft:grindstone":1,"minecraft:smithing_table":2,"minecraft:andesite":3,"minecraft:oak_fence":36,"minecraft:oak_trapdoor":55,"minecraft:oak_boat":1,"minecraft:bone_meal":41,"minecraft:dried_kelp":95,"minecraft:cooked_salmon":24,"minecraft:netherrack":87,"minecraft:oak_door":2,"minecraft:torch":434,"minecraft:brewing_stand":2,"minecraft:dirt":353,"minecraft:anvil":4,"minecraft:oak_fence_gate":1,"minecraft:granite":6,"minecraft:wooden_axe":14,"minecraft:bookshelf":9,"minecraft:iron_axe":239,"minecraft:oak_stairs":56,"minecraft:iron_boots":1,"minecraft:diamond_chestplate":1,"minecraft:golden_carrot":3,"minecraft:basalt":5,"minecraft:beef":1,"minecraft:minecart":15,"minecraft:cooked_beef":2,"minecraft:cobbled_deepslate":238,"minecraft:iron_leggings":1,"minecraft:water_bucket":354,"minecraft:amethyst_block":3,"minecraft:lodestone":2,"minecraft:lead":1,"minecraft:stonecutter":1,"minecraft:rail":156,"minecraft:crafting_table":14,"minecraft:white_bed":6,"minecraft:cod":11,"minecraft:spruce_log":1,"minecraft:cake":1,"minecraft:deepslate_tile_wall":1,"minecraft:diamond_pickaxe":3076,"minecraft:cornflower":1,"minecraft:diamond_shovel":1076,"minecraft:iron_pickaxe":806,"minecraft:fishing_rod":176,"minecraft:cobblestone":176,"minecraft:white_banner":1,"minecraft:cooked_porkchop":6,"minecraft:bucket":359,"minecraft:yellow_bed":3,"minecraft:dandelion":1,"minecraft:splash_potion":2},"minecraft:mined":{"minecraft:large_amethyst_bud":5,"minecraft:white_bed":2,"minecraft:oak_sapling":1,"minecraft:sculk_vein":8,"minecraft:brewing_stand":2,"minecraft:granite":7,"minecraft:budding_amethyst":3,"minecraft:grass_block":446,"minecraft:chiseled_tuff_bricks":3,"minecraft:composter":4,"minecraft:nether_wart":20,"minecraft:tuff_bricks":5,"minecraft:iron_ore":59,"minecraft:cobbled_deepslate":21,"minecraft:fire":71,"minecraft:polished_tuff":1,"minecraft:anvil":2,"minecraft:deepslate_lapis_ore":14,"minecraft:sculk_shrieker":1,"minecraft:pointed_dripstone":2,"minecraft:oak_sign":1,"minecraft:dirt_path":26,"minecraft:small_amethyst_bud":1,"minecraft:oak_stairs":22,"minecraft:deepslate_redstone_ore":30,"minecraft:brown_mushroom":1,"minecraft:blackstone":4,"minecraft:medium_amethyst_bud":4,"minecraft:amethyst_cluster":7,"minecraft:powder_snow":32,"minecraft:torch":28,"minecraft:note_block":2,"minecraft:blast_furnace":7,"minecraft:calcite":2,"minecraft:chest":2,"minecraft:nether_quartz_ore":317,"minecraft:cobblestone":74,"minecraft:grindstone":1,"minecraft:oak_planks":112,"minecraft:sugar_cane":4,"minecraft:wall_torch":35,"minecraft:amethyst_block":8,"minecraft:powered_rail":29,"minecraft:nether_wart_block":1,"minecraft:birch_log":85,"minecraft:wheat":12,"minecraft:waxed_copper_block":6,"minecraft:oak_log":119,"minecraft:beetroots":2,"minecraft:waxed_oxidized_copper":3,"minecraft:dirt":688,"minecraft:smooth_basalt":1,"minecraft:stonecutter":1,"minecraft:netherrack":277,"minecraft:deepslate":670,"minecraft:oak_leaves":100,"minecraft:nether_gold_ore":3,"minecraft:deepslate_tiles":37,"minecraft:diamond_ore":3,"minecraft:tuff":33,"minecraft:deepslate_diamond_ore":57,"minecraft:redstone_wire":1,"minecraft:spruce_leaves":1,"minecraft:crimson_stem":5,"minecraft:oak_trapdoor":20,"minecraft:furnace":5,"minecraft:carrots":11,"minecraft:waxed_copper_grate":1,"minecraft:andesite":53,"minecraft:gold_block":1,"minecraft:bell":2,"minecraft:bookshelf":7,"minecraft:potatoes":4,"minecraft:deepslate_iron_ore":22,"minecraft:rail":111,"minecraft:stone":1711,"minecraft:redstone_wall_torch":1,"minecraft:smithing_table":1,"minecraft:basalt":51,"minecraft:dandelion":2,"minecraft:oak_fence":15,"minecraft:crafting_table":7,"minecraft:cornflower":1,"minecraft:short_grass":101,"minecraft:sculk_sensor":1,"minecraft:lectern":16,"minecraft:copper_ore":14,"minecraft:tall_grass":13,"minecraft:deepslate_gold_ore":5,"minecraft:lapis_ore":19,"minecraft:sculk":23,"minecraft:diorite":24,"minecraft:redstone_torch":7,"minecraft:spruce_log":22,"minecraft:birch_leaves":14,"minecraft:coal_ore":231,"minecraft:gravel":52,"minecraft:lodestone":1,"minecraft:cobweb":2,"minecraft:stone_bricks":55}},"DataVersion":3953}